,City Name,Latitude,Longitude,Temperature,Humidity,Cloudiness,Wind Speed,Country,Date
0,Bredasdorp,-34.53,20.04,69.8,52,0,9.17,ZA,1603287646
1,Paamiut,61.99,-49.67,34.63,84,100,18.61,GL,1603287853
2,Tasiilaq,65.61,-37.64,30.2,86,75,3.36,GL,1603287667
3,Jamestown,42.1,-79.24,61.32,93,90,9.17,US,1603287393
4,Saskylakh,71.92,114.08,12.29,95,90,4.38,RU,1603287634
5,Horta,38.53,-28.63,68.0,56,40,10.29,PT,1603287854
6,San Jose de Buan,12.05,125.03,75.51,93,100,1.95,PH,1603287854
7,Luwuk,-0.95,122.79,76.77,59,33,3.24,ID,1603287854
8,Barquisimeto,10.07,-69.32,82.4,69,37,10.29,VE,1603287854
9,College,64.86,-147.8,21.63,85,90,3.36,US,1603287855
10,Punta Arenas,-53.15,-70.92,42.39,60,90,13.87,CL,1603287855
11,Busselton,-33.65,115.33,55.04,60,1,12.77,AU,1603287855
12,Athens,37.98,23.72,63.0,72,75,12.75,GR,1603287614
13,Roebourne,-20.78,117.13,71.51,64,0,18.79,AU,1603287855
14,Rikitea,-23.12,-134.97,73.45,70,10,9.89,PF,1603287856
15,Albany,42.6,-73.97,54.23,100,90,10.25,US,1603287856
16,Jasdan,22.03,71.2,86.77,58,88,6.89,IN,1603287856
17,Iquique,-20.22,-70.14,66.2,63,90,12.75,CL,1603287590
18,Vaini,-21.2,-175.2,71.6,83,75,4.7,TO,1603287857
19,Ca Mau,9.18,105.15,77.09,92,100,5.19,VN,1603287857
20,Puerto Ayora,-0.74,-90.35,66.99,95,90,11.01,EC,1603287857
21,New Norfolk,-42.78,147.06,50.07,79,25,2.19,AU,1603287747
22,Mataura,-46.19,168.86,48.99,72,92,4.0,NZ,1603287292
23,Nikolskoye,59.7,30.79,36.09,86,90,8.95,RU,1603287858
24,East London,-33.02,27.91,71.6,60,0,19.46,ZA,1603287653
25,Hearst,49.68,-83.67,31.62,97,100,8.12,CA,1603287858
26,Atuona,-9.8,-139.03,76.66,74,99,17.05,PF,1603287858
27,Airai,-8.93,125.41,61.18,100,30,0.89,TL,1603287859
28,Chita,52.03,113.55,24.8,62,30,4.47,RU,1603287859
29,Qaanaaq,77.48,-69.36,19.08,80,62,7.2,GL,1603287859
30,Hasaki,35.73,140.83,57.13,100,75,14.99,JP,1603287859
31,Naze,28.37,129.48,78.8,83,75,6.93,JP,1603287708
32,Arraial do Cabo,-22.97,-42.03,78.8,74,40,11.41,BR,1603287860
33,Alta Gracia,-31.65,-64.43,52.29,81,100,4.0,AR,1603287860
34,Laas,46.62,10.7,55.53,70,75,10.29,IT,1603287860
35,Butaritari,3.07,172.79,81.82,71,82,6.64,KI,1603287861
36,Bartica,6.4,-58.62,86.0,74,40,11.41,GY,1603287861
37,Kathu,7.92,98.33,78.8,88,20,2.24,TH,1603287861
38,Tuktoyaktuk,69.45,-133.04,23.0,85,90,14.99,CA,1603287861
39,Hithadhoo,-0.6,73.08,82.96,77,27,14.67,MV,1603287862
40,Mossamedes,-15.2,12.15,71.58,78,87,10.71,AO,1603287862
41,Marshall,34.38,-86.33,64.56,93,75,4.7,US,1603287862
42,Sitka,57.05,-135.33,33.8,59,1,3.36,US,1603287862
43,Bloomingdale,27.89,-82.24,75.33,83,40,5.82,US,1603287590
44,Bluff,-46.6,168.33,48.99,72,99,5.01,NZ,1603287863
45,Pinega,64.7,43.39,28.83,97,54,6.11,RU,1603287863
46,George Town,5.41,100.34,84.09,79,20,5.82,MY,1603287863
47,Ilulissat,69.22,-51.1,32.0,94,75,12.75,GL,1603287864
48,Loveland,40.4,-105.08,36.27,86,1,6.93,US,1603287864
49,Ushuaia,-54.8,-68.3,48.2,42,75,18.34,AR,1603287587
50,Thompson,55.74,-97.86,21.2,92,90,3.36,CA,1603287864
51,Along,28.17,94.77,67.89,87,0,2.1,IN,1603287865
52,Dikson,73.51,80.55,23.76,98,98,3.76,RU,1603287865
53,Huarmey,-10.07,-78.15,68.49,69,10,9.04,PE,1603287865
54,Khatanga,71.97,102.5,1.0,94,80,2.91,RU,1603287865
55,Korla,41.76,86.15,48.0,90,0,4.0,CN,1603287865
56,Acapulco de Juárez,16.86,-99.89,80.6,88,90,4.7,MX,1603287866
57,Castro,-24.79,-50.01,74.66,61,3,7.47,BR,1603287866
58,Namwala,-15.75,26.44,98.8,9,0,9.17,ZM,1603287866
59,Bethel,41.37,-73.41,60.96,100,90,4.7,US,1603287866
60,Shar,49.59,81.05,50.63,42,0,18.39,KZ,1603287866
61,Guerrero Negro,27.98,-114.06,68.59,87,95,9.42,MX,1603287808
62,Barrow,71.29,-156.79,33.8,86,90,16.11,US,1603287588
63,Eenhana,-17.47,16.33,105.8,7,34,10.29,NA,1603287867
64,Barcelos,41.54,-8.62,62.4,82,40,18.34,PT,1603287867
65,Saint George,37.1,-113.58,51.8,23,1,1.63,US,1603287868
66,Foz,43.57,-7.25,59.86,73,100,15.99,ES,1603287868
67,Hilo,19.73,-155.09,69.12,68,1,8.05,US,1603287868
68,Torbay,47.67,-52.73,57.18,87,75,12.75,CA,1603287868
69,Kolondiéba,11.09,-6.89,95.31,35,22,3.31,ML,1603287869
70,Port Alfred,-33.59,26.89,69.1,58,0,17.34,ZA,1603287824
71,Lethem,3.38,-59.8,90.3,49,59,11.59,GY,1603287869
72,Leningradskiy,69.38,178.42,35.98,82,100,10.04,RU,1603287869
73,Yeppoon,-23.13,150.73,71.08,83,92,10.36,AU,1603287636
74,Tiksi,71.69,128.87,9.68,93,99,6.38,RU,1603287870
75,Calama,-22.47,-68.93,64.4,13,40,8.05,CL,1603287870
76,Daşoguz,41.84,59.97,57.2,35,69,13.87,TM,1603287870
77,Laramie,41.31,-105.59,46.02,45,1,18.34,US,1603287831
78,Tevaitoa,-16.78,-151.5,78.8,77,39,13.02,PF,1603287871
79,Hermanus,-34.42,19.23,68.0,63,0,5.99,ZA,1603287871
80,Yellowknife,62.46,-114.35,18.77,92,75,6.93,CA,1603287839
81,Delījān,33.99,50.68,62.96,24,0,2.95,IR,1603287871
82,Saldanha,-33.01,17.94,78.8,34,0,14.99,ZA,1603287871
83,Thinadhoo,0.53,72.93,83.08,79,10,15.52,MV,1603287872
84,Lebu,-37.62,-73.65,52.81,67,0,15.23,CL,1603287779
85,Kavieng,-2.57,150.8,78.75,85,100,7.76,PG,1603287872
86,Rio Brilhante,-21.8,-54.55,89.87,41,45,5.79,BR,1603287872
87,Saint-Philippe,-21.36,55.77,74.86,65,51,17.22,RE,1603287575
88,Chongwe,-15.33,28.68,93.2,13,40,14.99,ZM,1603287873
89,Bambous Virieux,-20.34,57.76,77.0,69,75,12.75,MU,1603287873
90,Pangnirtung,66.15,-65.71,30.2,68,90,6.93,CA,1603287873
91,Shimoda,34.67,138.95,55.0,80,94,1.99,JP,1603287873
92,Nerchinskiy Zavod,51.31,119.61,24.19,84,1,8.05,RU,1603287873
93,Lüderitz,-26.65,15.16,79.7,24,0,21.52,NA,1603287622
94,Bereda,43.27,-7.54,61.3,73,82,15.99,ES,1603287874
95,Ukiah,39.15,-123.21,54.14,71,1,2.62,US,1603287714
96,Amuntai,-2.42,115.25,79.56,77,100,2.01,ID,1603287874
97,Verkhniy Baskunchak,48.23,46.72,47.46,52,70,11.63,RU,1603287875
98,Najrān,17.49,44.13,84.2,14,20,11.41,SA,1603287875
99,Constitución,-35.33,-72.42,59.67,55,0,6.98,CL,1603287875
100,Prainha,-1.8,-53.48,91.94,47,94,6.26,BR,1603287875
101,Parabel',58.7,81.48,40.6,93,100,3.02,RU,1603287876
102,Cape Town,-33.93,18.42,67.51,55,0,16.11,ZA,1603287610
103,Pacasmayo,-7.4,-79.57,66.25,76,49,8.84,PE,1603287876
104,Aklavik,68.22,-135.01,15.8,92,20,5.82,CA,1603287876
105,Nabire,-3.37,135.48,76.51,87,99,4.16,ID,1603287877
106,Brenham,30.17,-96.4,72.18,100,90,5.5,US,1603287877
107,Cabatuan,10.88,122.49,77.11,89,5,6.73,PH,1603287877
108,Diffa,13.32,12.61,100.18,8,0,15.79,NE,1603287878
109,Ibotirama,-12.19,-43.22,96.57,28,61,5.03,BR,1603287878
110,Ovalle,-30.6,-71.2,69.75,38,0,5.12,CL,1603287878
111,Saint Paul Harbor,57.79,-152.41,35.6,69,1,8.05,US,1603287878
112,Darque,41.68,-8.77,62.37,82,40,18.34,PT,1603287879
113,Grand Gaube,-20.01,57.66,77.0,69,26,8.01,MU,1603287879
114,Novoagansk,61.94,76.66,30.6,98,97,3.89,RU,1603287879
115,Saint-Joseph,-21.37,55.62,74.95,65,51,17.22,RE,1603287879
116,Petropavlovsk-Kamchatskiy,53.05,158.65,37.4,44,0,13.42,RU,1603287879
117,Kaitangata,-46.28,169.85,48.0,81,98,1.99,NZ,1603287880
118,Ponta do Sol,32.67,-17.1,71.6,56,40,6.93,PT,1603287880
119,Laguna,38.42,-121.42,55.63,71,1,3.36,US,1603287880
120,Hobart,-42.88,147.33,51.78,87,90,6.93,AU,1603287638
121,Kasongo-Lunda,-6.47,16.82,82.08,79,65,3.24,CD,1603287880
122,Denpasar,-8.65,115.22,80.6,83,20,8.05,ID,1603287745
123,Pingxiang,27.62,113.85,56.7,89,0,0.25,CN,1603287881
124,Tautira,-17.73,-149.15,73.4,83,51,11.86,PF,1603287881
125,Kapaa,22.08,-159.32,77.67,75,0,5.41,US,1603287881
126,Ozernovskiy,51.5,156.52,42.51,68,100,21.94,RU,1603287882
127,Halmstad,56.67,12.86,56.05,93,90,6.93,SE,1603287882
128,Longyearbyen,78.22,15.64,21.2,73,20,12.75,SJ,1603287882
129,Shelburne,44.08,-80.2,53.28,100,90,3.36,CA,1603287877
130,Kudahuvadhoo,2.67,72.89,82.98,78,89,13.18,MV,1603287585
131,Kilgore,32.39,-94.88,67.39,100,90,5.41,US,1603287632
132,San Fernando,15.03,120.69,77.54,90,100,6.8,PH,1603287883
133,Mulbāgal,13.17,78.4,69.39,96,100,6.24,IN,1603287883
134,Coahuayana Viejo,18.73,-103.68,73.4,83,5,2.59,MX,1603287884
135,Wewak,-3.55,143.63,79.97,77,100,5.19,PG,1603287884
136,Vila Velha,-20.33,-40.29,78.46,74,40,6.93,BR,1603287776
137,Avarua,-21.21,-159.78,73.4,88,99,5.82,CK,1603287884
138,Banjar,-8.19,114.97,80.6,83,20,8.05,ID,1603287885
139,Papetoai,-17.5,-149.87,73.4,83,38,12.86,PF,1603287885
140,Yangi Marg`ilon,40.43,71.72,64.4,31,0,1.5,UZ,1603287885
141,Chokurdakh,70.63,147.92,8.96,94,88,5.44,RU,1603287885
142,Pangody,65.85,74.49,23.02,98,88,8.97,RU,1603287885
143,Hue,16.47,107.6,71.6,88,40,8.05,VN,1603287886
144,Mianyang,31.46,104.75,61.09,64,99,3.4,CN,1603287886
145,Tomatlán,19.93,-105.25,76.19,88,43,3.31,MX,1603287886
146,Srednekolymsk,67.45,153.68,13.82,93,0,4.52,RU,1603287886
147,Bakel,14.9,-12.46,100.27,10,58,6.67,SN,1603287887
148,Swellendam,-34.02,20.44,69.8,52,0,9.17,ZA,1603287887
149,Bengkulu,-3.8,102.27,78.15,86,100,3.24,ID,1603287670
150,Bandrele,-12.91,45.19,84.2,66,17,10.29,YT,1603287887
151,Heinola,61.21,26.04,39.67,100,90,10.29,FI,1603287888
152,Hong Kong,22.29,114.16,73.36,63,100,3.0,HK,1603287882
153,Narsaq,60.92,-46.05,32.0,90,75,4.7,GL,1603287888
154,Kinablangan,7.69,126.55,80.62,80,100,7.49,PH,1603287888
155,Camacha,33.08,-16.33,68.0,72,20,14.99,PT,1603287889
156,Katsuura,35.13,140.3,62.15,72,75,13.87,JP,1603287889
157,Shingū,33.73,135.98,62.26,83,96,9.53,JP,1603287889
158,Douglas,41.3,-96.17,37.87,93,1,3.36,US,1603287889
159,Nouakchott,18.09,-15.98,102.2,13,7,13.87,MR,1603287746
160,Ahipara,-35.17,173.17,58.35,83,100,5.08,NZ,1603287890
161,Jambi City,-1.6,103.62,77.25,93,85,2.46,ID,1603287890
162,Grindavik,63.84,-22.43,39.2,86,90,19.46,IS,1603287657
163,Peniche,39.36,-9.38,68.32,73,17,15.99,PT,1603287890
164,São João da Barra,-21.64,-41.05,84.2,58,20,7.94,BR,1603287891
165,Caravelas,-17.71,-39.25,80.02,79,41,6.93,BR,1603287891
166,Dois Vizinhos,-25.73,-53.06,89.38,34,0,4.09,BR,1603287891
167,Vanimo,-2.67,141.3,75.92,85,100,5.19,PG,1603287892
168,Karasburg,-28.02,18.75,89.71,10,0,9.22,NA,1603287892
169,Mildura,-34.2,142.15,65.19,45,0,8.05,AU,1603287868
170,Itarema,-2.92,-39.92,89.19,49,6,16.78,BR,1603287892
171,Ajdabiya,30.76,20.23,74.62,46,31,14.85,LY,1603287892
172,Ambunti,-4.24,142.84,74.64,98,100,2.44,PG,1603287893
173,Provideniya,64.38,-173.3,35.58,92,38,0.74,RU,1603287893
174,Tobermory,45.25,-81.67,45.0,93,100,25.48,CA,1603287893
175,Mathbaria,22.29,89.96,77.68,93,100,6.87,BD,1603287893
176,Nemuro,43.32,145.57,56.44,77,100,22.3,JP,1603287710
177,Viedma,-40.81,-63.0,62.01,34,50,7.0,AR,1603287894
178,San Policarpo,12.18,125.51,81.18,86,100,9.78,PH,1603287894
179,Province of Mantua,45.17,10.78,66.0,68,66,3.0,IT,1603287895
180,Badou,7.58,0.6,87.15,61,28,0.63,TG,1603287895
181,Talnakh,69.49,88.4,12.2,85,100,11.18,RU,1603287895
182,Yalutorovsk,56.65,66.3,37.09,80,100,8.7,RU,1603287896
183,Port Hardy,50.7,-127.42,42.8,93,75,6.93,CA,1603287863
184,Tazovsky,67.47,78.7,20.93,98,100,11.97,RU,1603287896
185,Serebryansk,49.69,83.29,48.2,36,0,8.95,KZ,1603287896
186,Lac du Bonnet,50.25,-96.06,28.0,98,100,3.33,CA,1603287897
187,Horsham,51.06,-0.33,60.15,93,75,8.05,GB,1603287897
188,Santa Cruz,30.42,-9.6,77.0,69,75,12.75,MA,1603287897
189,Alofi,-19.06,-169.92,73.4,88,99,14.99,NU,1603287897
190,Eggenfelden,48.41,12.76,61.34,99,100,2.64,DE,1603287898
191,Muros,42.78,-9.06,61.45,82,66,13.0,ES,1603287898
192,Eureka,40.8,-124.16,48.36,100,16,1.01,US,1603287769
193,Kolvereid,64.87,11.6,39.25,65,75,6.93,NO,1603287899
194,Visnes,59.36,5.22,55.63,93,75,9.17,NO,1603287899
195,Esperance,-33.87,121.9,57.2,100,90,12.75,AU,1603287899
196,Alihe,50.57,123.72,28.38,89,100,11.32,CN,1603287875
197,Labuhan,-6.88,112.21,83.26,71,65,1.92,ID,1603287900
198,Vanavara,60.34,102.28,27.82,97,100,3.98,RU,1603287900
199,Marsh Harbour,26.54,-77.06,80.87,75,100,21.18,BS,1603287901
200,Narasannapeta,18.42,84.05,81.0,84,100,3.11,IN,1603287901
201,Kaeo,-35.1,173.78,54.0,92,100,3.2,NZ,1603287901
202,Ancud,-41.87,-73.82,52.39,61,0,9.17,CL,1603287901
203,Pasinler,39.98,41.68,59.0,41,40,3.36,TR,1603287902
204,Great Falls,47.5,-111.3,27.01,92,90,4.7,US,1603287718
205,Tignère,7.37,12.65,81.01,47,42,7.65,CM,1603287903
206,Usinsk,65.99,57.53,24.98,98,100,8.68,RU,1603287904
207,Grand-Santi,4.25,-54.38,92.25,44,2,5.41,GF,1603287904
208,Casablanca,33.59,-7.62,73.9,60,75,9.17,MA,1603287905
209,Hünfeld,50.68,9.77,64.63,51,3,5.99,DE,1603287905
210,Mineiros,-17.57,-52.55,82.33,52,69,5.3,BR,1603287673
211,Maţāy,28.42,30.78,95.4,13,0,10.92,EG,1603287906
212,Yar-Sale,66.83,70.83,22.14,98,96,10.45,RU,1603287614
213,Ulladulla,-35.35,150.47,58.37,100,75,4.76,AU,1603287907
214,Ronda,36.74,-5.17,69.39,100,100,3.0,ES,1603287907
215,Bahía Solano,6.23,-77.4,81.5,76,88,4.29,CO,1603287907
216,Berlevåg,70.86,29.09,32.0,87,75,2.24,NO,1603287908
217,Te Anau,-45.42,167.72,36.72,86,50,1.12,NZ,1603287908
218,Lagoa,39.05,-27.98,62.91,68,79,21.94,PT,1603287909
219,San Ramon,37.78,-121.98,58.48,58,1,1.83,US,1603287872
220,Goiatuba,-18.01,-49.35,81.48,55,100,6.53,BR,1603287909
221,Chimoré,-16.98,-65.13,90.32,48,3,4.5,BO,1603287910
222,Kulhudhuffushi,6.62,73.07,82.36,78,6,11.63,MV,1603287910
223,Bida,9.08,6.02,95.34,37,7,2.91,NG,1603287910
224,Faanui,-16.48,-151.75,77.92,78,0,13.38,PF,1603287911
225,Broome,42.25,-75.83,60.48,93,75,9.17,US,1603287613
226,Beya,53.05,90.91,42.06,73,65,4.0,RU,1603287912
227,Bathsheba,13.22,-59.52,87.8,66,40,11.41,BB,1603287912
228,Platonovka,52.71,41.95,39.22,71,100,9.01,RU,1603287913
229,Quatre Cocos,-20.21,57.76,77.0,69,75,12.75,MU,1603287914
230,Zverinogolovskoye,54.46,64.85,40.64,68,93,6.98,RU,1603287914
231,Cherskiy,68.75,161.3,16.09,97,84,2.53,RU,1603287914
232,Mahébourg,-20.41,57.7,77.0,69,75,12.75,MU,1603287915
233,Safford,32.83,-109.71,50.0,29,1,3.36,US,1603287915
234,Chui,-33.7,-53.46,62.83,63,31,15.23,UY,1603287915
235,Fort Nelson,58.81,-122.7,17.6,67,90,5.82,CA,1603287916
236,Naples,40.83,14.25,68.67,52,20,5.82,IT,1603287916
237,Ulkan,57.24,107.32,31.05,97,99,5.5,RU,1603287917
238,Jasper,37.2,-94.35,54.1,93,90,9.73,US,1603287902
239,Klyuchi,52.27,79.17,49.41,45,100,11.79,RU,1603287918
240,Lerwick,60.15,-1.15,48.2,93,75,29.97,GB,1603287918
241,Raja,8.46,25.68,84.4,65,82,0.92,SS,1603287919
242,Agüimes,27.91,-15.45,74.61,73,75,9.17,ES,1603287919
243,Valparaíso,-33.04,-71.63,52.84,100,90,3.36,CL,1603287755
244,Juneau,58.3,-134.42,29.14,68,1,8.12,US,1603287903
245,Riyadh,24.69,46.72,87.8,11,0,10.29,SA,1603287920
246,Izberbash,42.57,47.86,59.0,51,40,6.71,RU,1603287921
247,Cidreira,-30.18,-50.21,69.89,85,56,14.07,BR,1603287921
248,Rio Grande,-32.03,-52.1,62.01,95,99,5.01,BR,1603287726
249,Patan,27.67,85.33,69.8,77,20,4.7,NP,1603287922
250,Aasiaat,68.71,-52.87,27.52,96,93,4.36,GL,1603287922
251,Cabo San Lucas,22.89,-109.91,71.6,56,5,5.82,MX,1603287923
252,Haines Junction,60.75,-137.51,21.06,88,76,2.86,CA,1603287924
253,Nuristan,35.3,70.83,29.98,86,27,8.95,AF,1603287924
254,Celestún,20.87,-90.4,80.56,83,38,5.57,MX,1603287924
255,Mar del Plata,-38.0,-57.56,55.4,66,0,17.22,AR,1603287925
256,Astoria,46.19,-123.83,48.0,93,90,3.36,US,1603287925
257,Bira,49.0,132.47,43.07,90,100,1.95,RU,1603287926
258,Geraldton,-28.77,114.6,66.2,72,40,12.75,AU,1603287926
259,Narsīpatnam,17.67,82.62,84.2,89,90,2.24,IN,1603287927
260,Gamba,-2.65,10.0,80.58,76,44,11.68,GA,1603287927
261,Kumul,42.8,93.45,54.91,34,0,6.24,CN,1603287928
262,Cayenne,4.93,-52.33,89.6,59,24,11.41,GF,1603287928
263,Norman Wells,65.28,-126.83,23.0,85,90,18.34,CA,1603287688
264,Kavaratti,10.57,72.64,81.43,75,98,13.11,IN,1603287929
265,Tobane,-21.95,27.9,80.6,51,20,12.75,BW,1603287930
266,Kurchum,48.57,83.65,51.67,40,0,12.1,KZ,1603287930
267,Antofagasta,-23.65,-70.4,59.0,82,75,10.29,CL,1603287844
268,Katy,29.79,-95.82,72.79,100,90,4.7,US,1603287874
269,Luangwa,-15.62,30.42,98.31,19,0,15.08,ZM,1603287931
270,Iqaluit,63.75,-68.51,32.0,93,90,5.82,CA,1603287931
271,Orosháza,46.57,20.67,64.0,47,87,4.0,HU,1603287932
272,Avesta,60.15,16.17,50.0,95,94,1.99,SE,1603287932
273,Sinnamary,5.38,-52.95,86.99,64,10,11.21,GF,1603287932
274,Dourbali,11.81,15.86,100.72,9,0,12.75,TD,1603287933
275,Zhigansk,66.77,123.37,16.27,97,85,1.3,RU,1603287436
276,Araouane,18.9,-3.53,95.76,13,0,10.63,ML,1603287650
277,Porto-Novo,6.5,2.6,86.0,79,20,14.99,BJ,1603287934
278,Bandarbeyla,9.49,50.81,82.4,68,0,10.33,SO,1603287934
279,Mendi,-6.18,143.65,53.2,99,100,2.21,PG,1603287935
280,Neuquén,-38.95,-68.06,60.8,41,92,17.22,AR,1603287935
281,Pitimbu,-7.47,-34.81,84.2,74,75,16.11,BR,1603287936
282,Cockburn Town,21.46,-71.14,77.0,88,40,10.29,TC,1603287936
283,Port Elizabeth,-33.92,25.57,69.8,56,0,14.99,ZA,1603287937
284,Peso da Régua Municipality,41.16,-7.79,64.99,7,73,10.29,PT,1603287937
285,Lompoc,34.64,-120.46,53.53,100,90,2.04,US,1603287804
286,Prince Rupert,54.32,-130.32,35.6,100,40,6.93,CA,1603287828
287,Cedral,23.8,-100.73,60.4,77,16,6.96,MX,1603287938
288,Hualmay,-11.1,-77.61,69.4,65,3,8.63,PE,1603287939
289,Ygatimi,-24.08,-55.5,94.84,33,0,4.41,PY,1603287939
290,Mehamn,71.04,27.85,32.0,91,75,2.24,NO,1603287939
291,Huangcun,30.01,118.4,53.49,87,25,3.44,CN,1603287940
292,Trat,12.5,102.5,76.12,87,100,5.5,TH,1603287940
293,Verkhnyaya Inta,65.98,60.31,21.51,98,100,5.14,RU,1603287940
294,Aksarka,66.56,67.8,21.9,98,99,10.87,RU,1603287940
295,Port Hawkesbury,45.62,-61.35,51.33,100,90,3.4,CA,1603287941
296,Frontera,26.93,-101.45,73.99,67,7,3.0,MX,1603287942
297,Carnarvon,-24.87,113.63,68.0,64,0,24.16,AU,1603287942
298,San Cristobal,7.77,-72.22,77.0,88,40,2.24,VE,1603287692
299,Puerto Maldonado,-12.6,-69.18,77.0,94,75,3.36,PE,1603287943
300,Souillac,-20.52,57.52,77.0,69,75,12.75,MU,1603287943
301,Kruisfontein,-34.0,24.73,73.0,47,0,7.0,ZA,1603287944
302,Necochea,-38.55,-58.74,55.0,77,0,7.0,AR,1603287944
303,Umluj,25.02,37.27,89.56,39,0,9.73,SA,1603287944
304,Savalou,7.93,1.98,91.35,50,1,3.71,BJ,1603287945
305,Baykit,61.67,96.37,29.79,96,100,6.26,RU,1603287945
306,Salym,60.06,71.48,34.07,91,100,3.89,RU,1603287946
307,Moose Factory,51.26,-80.61,32.0,98,90,6.93,CA,1603287717
308,Lata,40.16,-8.33,64.4,78,33,1.99,PT,1603287946
309,Port Blair,11.67,92.75,81.21,82,79,10.92,IN,1603287947
310,Jumla,29.27,82.18,48.24,53,0,4.43,NP,1603287947
311,Zaraza,9.35,-65.32,83.16,78,100,6.06,VE,1603287947
312,Chapais,49.78,-74.85,32.0,99,90,14.99,CA,1603287948
313,Honiara,-9.43,159.95,75.2,94,20,2.24,SB,1603287948
314,Bartlesville,36.75,-95.98,54.55,93,90,4.7,US,1603287701
315,Cayambe,0.05,-78.13,53.6,100,40,2.24,EC,1603287949
316,Jalu,29.03,21.55,79.74,27,0,11.74,LY,1603287813
317,Kholmogory,64.22,41.66,35.6,98,20,4.47,RU,1603287949
318,Luocheng,29.38,104.03,59.4,75,26,1.66,CN,1603287783
319,Teguise,29.06,-13.56,78.8,65,20,14.99,ES,1603287950
320,Alta Floresta,-9.88,-56.09,96.89,34,98,4.97,BR,1603287665
321,Kerema,-7.96,145.78,77.99,87,100,6.2,PG,1603287950
322,North Myrtle Beach,33.82,-78.68,70.32,94,90,6.93,US,1603287951
323,Paignton,50.44,-3.57,57.76,98,100,7.0,GB,1603287951
324,Pundaguitan,6.37,126.17,83.19,80,99,12.39,PH,1603287951
325,Saint Anthony,45.02,-93.22,34.68,74,1,10.29,US,1603287947
326,Codrington,-38.27,141.97,47.39,87,14,5.08,AU,1603287720
327,Nieuwpoort,51.12,2.77,64.89,82,75,27.51,BE,1603287952
328,Salme,28.04,85.09,69.8,77,20,4.7,NP,1603287952
329,Fortuna,40.6,-124.16,50.09,93,90,5.82,US,1603287953
330,Husavik,66.04,-17.34,33.8,80,75,3.36,IS,1603287953
331,Nanortalik,60.14,-45.24,33.67,89,100,9.37,GL,1603287953
332,Batemans Bay,-35.72,150.18,57.02,93,87,1.01,AU,1603287954
333,Ribeira Grande,38.52,-28.7,68.0,56,40,10.29,PT,1603287954
334,Evensk,61.95,159.23,30.87,89,0,6.96,RU,1603287954
335,Road Town,18.42,-64.62,84.07,74,20,3.36,VG,1603287955
336,Haifa,32.82,34.99,80.33,65,20,17.22,IL,1603287955
337,Biankouma,7.74,-7.61,86.74,45,100,5.57,CI,1603287956
338,Afonso Cláudio,-20.07,-41.12,78.94,68,71,4.43,BR,1603287956
339,Mmabatho,-25.85,25.63,87.8,25,20,18.34,ZA,1603287956
340,Elban,50.1,136.51,43.2,79,100,0.83,RU,1603287956
341,Fairbanks,64.84,-147.72,21.65,85,90,3.36,US,1603287957
342,Ranong,9.97,98.63,78.8,88,40,3.36,TH,1603287957
343,Puqi,29.72,113.88,58.57,73,56,1.83,CN,1603287957
344,San Vicente,-26.62,-54.13,87.98,37,0,4.21,AR,1603287957
345,Isangel,-19.55,169.27,74.21,82,57,7.25,VU,1603287722
346,Bariloche,-41.15,-71.31,55.4,54,75,12.75,AR,1603287958
347,Namatanai,-3.67,152.43,79.48,79,75,4.72,PG,1603287958
348,Gaoyou,32.79,119.43,64.36,77,100,7.74,CN,1603287959
349,Millinocket,45.66,-68.71,40.55,75,90,5.82,US,1603287960
350,Raudeberg,61.99,5.14,44.01,93,100,15.52,NO,1603287960
351,Siavonga,-16.54,28.71,97.72,23,0,7.67,ZM,1603287960
352,Port Macquarie,-31.43,152.92,57.99,89,70,6.44,AU,1603287960
353,Alūksne,57.42,27.05,42.75,95,100,5.14,LV,1603287961
354,Takoradze,4.88,-1.76,81.86,81,50,12.3,GH,1603287961
355,Kenai,60.55,-151.26,23.95,92,1,3.36,US,1603287962
356,Topeka,39.05,-95.68,42.49,100,90,9.44,US,1603287833
357,Piaçabuçu,-10.41,-36.43,84.18,61,1,12.39,BR,1603287812
358,Muzhi,65.37,64.67,16.27,96,93,4.43,RU,1603287962
359,Lantawan,10.62,123.98,75.85,87,1,6.08,PH,1603287963
360,Neftçala,39.37,49.25,63.05,63,100,10.27,AZ,1603287963
361,Khovd,48.01,91.64,32.05,85,0,1.48,MN,1603287963
362,Ust-Maya,60.42,134.53,20.95,97,100,4.18,RU,1603287964
363,Beyneu,45.32,55.2,50.14,48,13,15.39,KZ,1603287965
364,Lavrentiya,65.58,-171.0,36.09,84,0,6.08,RU,1603287965
365,Tommot,58.96,126.29,14.0,94,20,2.8,RU,1603287966
366,Pisco,-13.7,-76.22,64.24,77,40,3.36,PE,1603287816
367,Prospect,-34.88,138.59,59.81,67,49,6.93,AU,1603287882
368,Rafai,4.95,23.92,80.1,72,89,3.58,CF,1603287966
369,Gangtok,27.33,88.62,58.5,68,0,4.32,IN,1603287967
370,Klaeng,12.78,101.65,76.66,87,99,5.57,TH,1603287967
371,Nyurba,63.28,118.33,18.97,98,100,4.03,RU,1603287968
372,Beringovskiy,63.05,179.32,38.93,85,10,10.29,RU,1603287739
373,Ingolstadt,48.77,11.43,59.11,63,75,2.24,DE,1603287968
374,Taunggyi,20.78,97.03,61.52,100,82,2.21,MM,1603287968
375,Baghdad,33.34,44.4,95.0,20,0,14.99,IQ,1603287910
376,Agadez,19.75,10.25,98.85,9,0,14.94,NE,1603287969
377,Luau,-10.71,22.22,87.04,38,40,3.65,AO,1603287969
378,Abalak,58.13,68.59,35.89,84,100,2.62,RU,1603287970
379,Inírida,3.87,-67.92,84.4,75,100,2.13,CO,1603287970
380,Pemangkat,1.17,108.97,81.1,78,99,4.85,ID,1603287846
381,Pombas,17.15,-25.02,91.4,52,99,21.92,CV,1603287970
382,Tonantins,-2.87,-67.8,87.73,62,95,2.82,BR,1603287971
383,Anchorage,61.22,-149.9,25.05,79,1,6.31,US,1603287781
384,Killin,33.61,-91.74,64.4,93,90,3.24,US,1603287971
385,Vestmannaeyjar,63.44,-20.27,41.0,80,75,13.87,IS,1603287971
386,Rosita,13.93,-84.4,80.58,77,18,1.14,NI,1603287972
387,Banepā,27.63,85.52,69.8,77,20,4.7,NP,1603287972
388,Praia,14.92,-23.51,87.8,66,0,18.34,CV,1603287840
389,Taoudenni,22.68,-3.98,96.98,10,0,9.51,ML,1603287973
390,Goderich,43.75,-81.72,54.75,89,100,15.01,CA,1603287973
391,Emerald,-23.53,148.17,72.34,64,0,6.93,AU,1603287973
392,Clyde River,70.47,-68.59,26.6,79,90,11.41,CA,1603287736
393,Tyukhtet,56.54,89.3,41.32,73,100,7.2,RU,1603287974
394,Tambacounda,13.75,-13.76,95.0,44,69,2.24,SN,1603287974
395,Serafimovich,49.58,42.74,46.0,49,100,10.0,RU,1603287974
396,Helsinki,60.17,24.94,43.52,87,75,11.41,FI,1603287974
397,Golden,39.76,-105.22,44.53,40,1,8.05,US,1603287974
398,Ust-Nera,64.57,143.2,5.32,86,100,6.29,RU,1603287975
399,Xining,36.62,101.77,44.62,46,0,2.48,CN,1603287975
400,Auki,-8.77,160.7,77.77,83,16,3.58,SB,1603287975
401,Berdigestyakh,62.1,126.7,13.26,96,37,3.2,RU,1603287976
402,Cap-aux-Meules,47.38,-61.86,46.4,70,20,14.99,CA,1603287976
403,Miles City,46.41,-105.84,28.4,92,90,3.36,US,1603287976
404,Doha,25.29,51.53,87.87,52,0,10.29,QA,1603287876
405,Dwārka,22.24,68.97,84.0,75,23,12.8,IN,1603287977
406,Río Gallegos,-51.62,-69.22,46.4,52,65,4.7,AR,1603287977
407,Petites Anses,15.85,-61.64,86.68,70,0,6.93,GP,1603287978
408,Verkhnevilyuysk,63.45,120.32,18.61,97,100,3.74,RU,1603287978
409,Jintūr,19.62,76.7,77.83,80,37,4.72,IN,1603287978
410,Mahon,39.89,4.27,73.4,69,40,16.11,ES,1603287979
411,Chicama,-7.84,-79.15,62.6,88,49,10.29,PE,1603287979
412,Palembang,-2.92,104.75,82.4,78,75,6.93,ID,1603287979
413,Rongcheng,30.63,117.85,55.35,78,70,2.28,CN,1603287873
414,Zyryanka,65.75,150.85,12.13,93,0,8.86,RU,1603287980
415,Ostrovnoy,68.05,39.51,34.3,89,100,7.07,RU,1603287980
416,Santiago del Estero,-27.8,-64.26,62.65,79,100,7.38,AR,1603287980
417,Mount Isa,-20.73,139.5,82.4,23,79,4.85,AU,1603287981
418,Roald,62.58,6.13,41.79,81,75,14.99,NO,1603287981
419,Verkhoyansk,67.54,133.38,7.66,90,100,0.63,RU,1603287981
420,La Ronge,55.1,-105.28,23.0,79,90,4.7,CA,1603287981
421,Nuuk,64.18,-51.72,31.1,92,40,5.82,GL,1603287982
422,Tegul'det,57.31,88.17,39.69,83,100,8.25,RU,1603287982
423,Puerto del Rosario,28.5,-13.86,77.0,61,75,13.87,ES,1603287982
424,Japura,-0.32,102.35,77.43,91,86,0.94,ID,1603287983
425,Rapid Valley,44.06,-103.15,31.95,100,90,6.93,US,1603287983
426,San Quintín,30.48,-115.95,65.93,84,100,4.27,MX,1603287983
427,Inta,66.03,60.17,22.24,98,100,6.06,RU,1603287984
428,Nacala,-14.54,40.67,84.85,56,1,7.92,MZ,1603287984
429,Maceió,-9.67,-35.74,84.2,58,75,12.75,BR,1603287824
430,Kismayo,-0.36,42.55,81.86,74,56,17.25,SO,1603287985
431,Alto Araguaia,-17.31,-53.22,86.38,45,26,6.15,BR,1603287985
432,Kahului,20.89,-156.47,70.65,68,1,3.87,US,1603287985
433,Ostashkov,57.15,33.11,36.21,96,100,5.08,RU,1603287986
434,Port Hedland,-20.32,118.57,73.4,83,0,11.41,AU,1603287986
435,Hammerfest,70.66,23.68,30.2,74,0,6.93,NO,1603287986
436,Emba,48.83,58.14,44.74,55,98,11.05,KZ,1603287987
437,Sept-Îles,50.2,-66.38,35.74,80,75,3.36,CA,1603287987
438,São Filipe,14.9,-24.5,84.67,62,0,2.62,CV,1603287987
439,Maniitsoq,65.42,-52.9,33.08,89,100,9.55,GL,1603287988
440,Dhandhuka,22.37,71.98,91.24,49,94,8.16,IN,1603287988
441,Saint-Augustin,51.23,-58.65,41.38,65,0,10.42,CA,1603287988
442,Orikum,40.33,19.47,68.63,51,56,5.93,AL,1603287989
443,Maraã,-1.83,-65.37,90.28,55,99,3.71,BR,1603287989
444,Akdepe,42.06,59.38,56.32,35,99,13.87,TM,1603287989
445,Harper,4.38,-7.72,81.7,75,67,8.77,LR,1603287990
446,Nyuksenitsa,60.41,44.24,32.11,96,100,10.22,RU,1603287990
447,Dakoro,14.51,6.76,99.99,8,0,13.04,NE,1603287991
448,Puerto Escondido,15.85,-97.07,73.4,88,40,8.05,MX,1603287991
449,Zambezi,-13.54,23.1,97.18,13,6,6.35,ZM,1603287991
450,Salalah,17.02,54.09,86.0,70,12,8.05,OM,1603287992
451,Cotia,-23.67,-46.95,69.8,73,75,10.29,BR,1603287992
452,Sagana,-0.67,37.2,81.18,38,41,8.72,KE,1603287992
453,Maningrida,-12.07,134.27,80.56,76,13,7.29,AU,1603287992
454,Mbandaka,0.05,18.26,80.82,67,37,3.62,CD,1603287993
455,Mazamari,-11.33,-74.53,69.3,82,100,1.54,PE,1603287993
456,Houma,29.6,-90.72,72.63,100,1,8.05,US,1603287740
457,Saint Simons,31.14,-81.39,75.42,94,40,9.17,US,1603287993
458,Sukhumi,43.0,41.02,61.41,69,0,1.01,GE,1603287994
459,Savage,44.78,-93.34,33.8,74,1,11.41,US,1603287994
460,Spornoye,50.84,37.29,46.4,65,100,2.24,RU,1603287994
461,Mosetse,-20.75,26.65,92.82,21,0,19.93,BW,1603287995
462,Shestakovo,56.49,103.96,31.51,98,100,4.14,RU,1603287995
463,Waitati,-45.75,170.57,48.99,76,93,5.99,NZ,1603287995
464,Peterhead,57.51,-1.8,57.97,72,32,6.93,GB,1603287996
465,Ciudad del Carmen,18.63,-91.83,78.8,94,40,5.82,MX,1603287732
466,Sarankhola,22.31,89.79,77.32,95,100,5.32,BD,1603287996
467,Panguna,-6.32,155.48,68.05,99,6,1.03,PG,1603287996
468,Sabha,27.04,14.43,86.94,26,100,6.2,LY,1603287997
469,Anaco,9.44,-64.47,83.3,72,100,10.78,VE,1603287997
470,Adré,13.47,22.2,94.17,10,51,10.65,TD,1603287997
471,Lena,43.1,-5.73,61.29,63,33,11.88,ES,1603287998
472,Ilhabela,-23.78,-45.36,76.6,75,32,5.37,BR,1603287998
473,Castaños,26.78,-101.42,73.99,67,25,3.0,MX,1603287998
474,Bud,39.45,-86.18,59.9,100,90,4.7,US,1603287999
475,Maragogi,-9.01,-35.22,82.85,67,0,13.09,BR,1603287999
476,Klaksvík,62.23,-6.59,42.8,75,16,6.93,FO,1603287999
477,Gorontalo,0.54,123.06,75.18,82,46,2.33,ID,1603288000
478,Ryki,51.63,21.93,55.49,95,100,8.37,PL,1603288000
479,Hambantota,6.12,81.12,86.0,70,40,11.41,LK,1603288001
480,Upernavik,72.79,-56.15,30.24,95,99,12.37,GL,1603288001
481,Olinda,-8.01,-34.86,84.2,70,75,14.99,BR,1603288001
482,Hofn,64.25,-15.21,37.4,64,20,3.36,IS,1603287966
483,Taldan,53.67,124.8,25.12,85,100,13.65,RU,1603288002
484,Nānākuli,21.39,-158.15,73.38,88,1,3.36,US,1603288002
485,Khani,41.96,42.96,69.8,52,57,6.93,GE,1603288002
486,Düzce,40.84,31.16,67.89,58,0,4.23,TR,1603288003
487,Ust'-Kulom,61.69,53.69,29.41,97,95,7.72,RU,1603288003
488,San Patricio,28.02,-97.52,76.51,94,1,4.7,US,1603287910
489,Esmeraldas,-19.76,-44.31,71.6,78,75,5.82,BR,1603288003
490,Baião,-2.79,-49.67,92.12,45,88,5.3,BR,1603288004
491,Rajec,49.09,18.64,54.72,71,100,8.05,SK,1603288004
492,Chara,56.91,118.26,10.26,82,85,3.06,RU,1603288005
493,Masunga,-20.62,27.45,84.2,42,0,16.11,BW,1603288005
494,Balkhash,46.84,74.98,55.96,38,0,14.9,KZ,1603288005
495,Zaysan,47.47,84.87,49.37,42,26,3.53,KZ,1603288005
496,Shirokiy,49.76,129.52,40.8,69,0,12.91,RU,1603288006
497,Çanakkale Province,40.08,26.83,67.05,82,75,19.46,TR,1603288006
498,Tuatapere,-46.13,167.68,48.99,72,84,5.01,NZ,1603288006
499,Oranjestad,12.52,-70.03,84.2,83,40,13.87,AW,1603288007
500,Ferkessédougou,9.6,-5.2,93.04,37,86,6.13,CI,1603288007
501,Penzance,50.12,-5.54,56.44,100,75,14.99,GB,1603288007
502,Byron Bay,-28.65,153.62,60.91,88,40,5.77,AU,1603288007
503,Gazli,40.13,63.45,64.29,28,37,10.87,UZ,1603288008
504,Teya,60.38,92.63,38.41,88,100,11.43,RU,1603288008
505,Wajima,37.4,136.9,65.07,62,100,10.18,JP,1603288008
506,Taltal,-25.4,-70.48,63.09,59,16,4.7,CL,1603287989
507,Wanaka,-44.7,169.15,41.54,72,100,2.89,NZ,1603288009
508,Mackay,-21.15,149.2,73.4,83,0,5.82,AU,1603288009
509,Hutchinson,38.06,-97.93,46.15,93,90,8.05,US,1603288009
510,Ossora,59.24,163.07,37.96,91,100,8.34,RU,1603288009
511,Buraidah,26.33,43.98,87.8,19,0,6.93,SA,1603288010
512,Feijó,-8.16,-70.35,85.57,61,99,3.51,BR,1603288010
513,Karratha,-20.74,116.85,70.63,73,0,17.87,AU,1603288010
514,Deputatsky,69.3,139.9,4.82,97,98,1.7,RU,1603288011
515,Broken Hill,-31.95,141.43,68.0,28,2,4.7,AU,1603288011
516,Srikakulam,18.3,83.9,81.46,82,100,3.98,IN,1603288012
517,San Lorenzo,-25.33,-57.53,93.67,35,0,5.46,PY,1603288012
518,Makakilo City,21.35,-158.09,73.92,88,1,3.36,US,1603288012
519,Gualeguaychú,-33.01,-58.52,64.0,74,98,4.0,AR,1603288012
520,Causapscal,48.35,-67.23,37.0,1,50,7.2,CA,1603288012
521,Upata,8.01,-62.4,84.0,73,100,5.01,VE,1603288013
522,Cabedelo,-6.98,-34.83,84.2,74,75,16.11,BR,1603288013
523,Palapye,-22.55,27.13,85.21,32,0,18.66,BW,1603288013
524,Sur,22.57,59.53,78.51,61,0,8.66,OM,1603288013
525,Aden,12.78,45.04,86.13,61,2,11.36,YE,1603288014
526,Oruzgan,32.83,66.0,48.51,47,0,3.44,AF,1603288014
527,Zapolyarnyy,69.42,30.81,23.0,92,20,5.82,RU,1603288014
528,Santa Cruz do Capibaribe,-7.96,-36.2,89.4,39,45,13.04,BR,1603288015
529,Houlton,46.13,-67.84,39.18,80,90,3.36,US,1603287742
530,Severo-Kuril'sk,50.68,156.12,40.48,73,62,19.24,RU,1603288016
531,Asău,46.43,26.4,60.8,55,96,17.22,RO,1603288016
532,Ubari,26.59,12.78,89.38,21,28,9.51,LY,1603288016
533,Bichena,10.45,38.2,64.51,60,22,4.16,ET,1603288017
534,Yamada,39.47,141.95,55.26,71,100,10.65,JP,1603288017
535,Conceição do Araguaia,-8.26,-49.26,100.26,29,14,4.32,BR,1603288017
536,Kirakira,-10.45,161.92,79.63,81,95,5.35,SB,1603288017
537,Gubkinskiy,64.43,76.5,27.01,96,100,15.46,RU,1603288017
538,Smolino,56.28,43.03,35.29,69,75,11.18,RU,1603288018
539,Birjand,32.87,59.22,77.0,3,0,6.93,IR,1603288018
540,Abonnema,4.71,6.79,87.8,70,75,2.24,NG,1603287864
541,Kalemie,-5.95,29.19,80.49,61,98,1.83,CD,1603288018
542,Lagos,6.58,3.75,87.04,66,43,7.54,NG,1603288019
543,Yumen,40.28,97.2,42.91,51,0,1.7,CN,1603288019
544,Tocopilla,-22.09,-70.2,66.78,49,0,5.5,CL,1603288019
545,Irtyshskiy,58.33,68.13,36.36,83,100,3.78,RU,1603288019
546,Karlshamn,56.17,14.86,55.71,93,90,6.93,SE,1603288020
547,Walvis Bay,-22.96,14.51,62.33,67,75,16.11,NA,1603288020
548,Winchester,51.07,-1.32,58.21,93,75,9.17,GB,1603288020
549,Port Augusta,-32.5,137.77,67.33,82,0,6.93,AU,1603288021
550,Havre-St-Pierre,50.23,-63.6,37.4,74,1,3.36,CA,1603288021
551,Taku,39.02,117.65,50.0,37,0,8.93,CN,1603288021
552,Praia da Vitória,38.73,-27.07,63.79,59,40,23.49,PT,1603288022
553,Sola,-13.88,167.55,76.26,85,98,13.02,VU,1603288022
554,Mastic Beach,40.77,-72.85,62.24,93,90,3.36,US,1603288022
555,Vostok,46.49,135.88,41.0,94,100,6.04,RU,1603288022
556,Vila Franca do Campo,37.72,-25.43,66.2,59,20,18.34,PT,1603288023
557,Winneba,5.35,-0.62,86.0,70,20,11.41,GH,1603288023
558,Inhambane,-23.86,35.38,82.2,58,40,9.17,MZ,1603288023
559,Mareeba,-17.0,145.43,72.0,73,75,2.24,AU,1603288023
560,Zolotukhino,52.08,36.38,44.6,70,75,6.71,RU,1603288024
561,Mindelo,16.89,-24.98,91.4,52,100,21.92,CV,1603288024
562,Obo,5.4,26.49,76.32,84,100,2.51,CF,1603288024
563,Kemijärvi,66.71,27.43,25.77,98,32,4.47,FI,1603288025
564,Price,39.6,-110.81,42.8,41,1,4.7,US,1603288025
565,Karakol,42.49,78.39,46.06,49,0,4.54,KG,1603288025
566,Muisne,0.6,-80.03,75.02,84,100,11.3,EC,1603288025
567,Coyhaique,-45.58,-72.07,42.8,75,0,3.36,CL,1603287747
568,Makurdi,7.74,8.51,91.53,54,31,2.28,NG,1603288026
569,Yulara,-25.24,130.99,78.8,44,0,6.08,AU,1603288026
570,Half Moon Bay,37.46,-122.43,57.06,87,1,1.39,US,1603288026
571,Tsiroanomandidy,-18.77,46.03,91.38,18,0,1.32,MG,1603288027
